target,input_phonemes,prediction
TO MAKE IT WORK,T AA UW M EY K IH T W ER K,TO MAKE IT WORK
THE TIME BEFORE HIM WAS HIS OWN,DH AH T AY M B IH F G AO R HH IH M W AA Z HH IH Z OW N,THE TIME BUFF GORE HIM WAS HIS OWN
THERE'S NO WRONG WAY,DH EH R CH EH S N OW R AO NG W EY,THEIR CHESS NO WRONG WAY
BUT THERE WAS EVEN BETTER NEWS,B AH T UW DH EH R W AA Z IY V IH N B EH T ER N UW Z,BUT TO THEIR WAS EVEN BETTER NEWS
THE BAT BENEFITS,DH Y AH B AE T B EH N AH F IH T S,THE BAT BENEFITS
MAYBE TO SOMEWHERE NICE AND SAFE,M EY B IY T UW S AH M W EH R N AE AY S AH N D S EY F,MAYBE TO SOMEWHERE NICE AND SAFE
WHEN IT COMES TO PUBLICITY,AW W EH N IH T K AH M Z T UW P AH B L IH S AH T IY,AW WHEN IT COMES TO PUBLICITY
AND THE SCOTTISH CUSTOMERS TO BUY,AH N D DH AH S F K AA T IH SH K AH S T AH M ER Z T UW B AY,AND THE SFC CUSTOMERS TO BUY
REMEMBER THAT MAN WITH THE CAMERA,R IH M EH M B ER DH AE T M AE N W IH DH Z DH AH K AE M ER AH,REMEMBER THAT MAN WITHS THE CAMERA
THAT'S VERY BAD NEWS,V DH AE T EH S V EH R IY B AE D N UW Z,V THAT'S VERY BAD NEWS
THE GARRISON RESPONDED WITH A HAIL OF ARROWS,DH AH G AE R IH OY S AH N R IH S P AA N D IH D W IH DH AH UW HH EY L AH V AE R OW Z,THE GARIONE SON RESPONDED WITH A EUHALE OF ARROWS
WHICH MELTS MORE ICE,W IH CH R M EH L T S M AO R AY S,WHICH REMELTS MORE ICE
I THINK SOMETHING DRASTIC NEEDS TO BE DONE,AY TH IH NG K S AH M TH IH NG D R AE S T IH K IH N IY D Z T UW B IY D AH N,I THINK SOMETHING DRASTIC IN NEEDS TO BE DONE
HERE TO GIVE US A RUNDOWN OF THE GREATEST FACIAL CHOREOGRAPHY EVER SEEN ON THE BOX,L HH IY R T UW G IH V AH S AH R AH N D AW N AH V DH AH G R EY T AH S T F EY SH AH L K AO R IY AA G R AH F IY EH V ER S IY N AA N P DH AH B AA DH K S,HERE TO GIVE US A RUN DOWN OF THE GREATEST FAMILIAL CHOREOGRAPHY EVER SEEN ON THE BODHS
THERE WAS A GLIMMER OF HOPE,DH EH R W AA Z AH G D L IH M ER AH V HH OW P,THERE WAS A GDLMER OF HOPE
I CAN PLANT THEM IN THAT SPOT,AY K AE N P L L AE N T DH EH M IH N DH AE T S P AA T,I CAN PLANT THEM IN THAT SPOT
GRAHAM BARON ASH,G AW R EY AH M B AE R AH N AE SH,GOWRUM BARONET
TEARING IT TO THE GROUND,T EH R IH NG IH T T UW DH AH G AY R AW N D,TERRIFYING IT TO THE GUY ROUND
EVEN BEFORE SHE ENTERED THE WATER,IY V IH N B IH F AO R SH IY M EH N T ER D DH AH W AO T ER,EVEN BEFORE SHE ENTERED THE WATER
THE SHEER SIZE AND POWER CAN BE INTIMIDATING,DH AH SH IH R S AY Z S AH N D P AW ER K AE N B IY AE IH N T IH M IH D EY T IH NG,THE SHEER SIZE SUND POWER CAN BE INTIMIDATING
WHICH A LOT OF THEM WERE,W IH CH AH L AA T AH B V DH EH M W ER,WHICH A LOT OF BV THEM WERE
THAT'S THE BEST KIND OF TEACHING,DH AE T EH S DH AH B EH S T K AW AY N D AH V T IY CH IH NG,THAT'S THE BEST COUINED OF TEACHING
I JUST COLLAPSED,AY JH AH S T K AH L IY AE P S T,I JUST CULLY APT
AND WHEN YOU'RE MOVING THROUGH ENEMY TERRITORY,AH N D W EH N Y UW ' R EY M AE UW V IH NG TH R UW EH N AH M AO IY T EH R IH T AO R IY,AND WHEN YOU'RE MOVING THROUGH ENEMY TERRITORY
ANY MAN WOULD BE PROUD TO HAVE YOU AS A SON,EH N IY M AE N W UH D B IY P R AW D T UW HH AE V Y F UW AE Z AH S AH N,ANY MAN WOULD BE PROUD TO HAVE FEW AS A SON
USUALLY A BICYCLE,Y UW ZH AH W AH L IY AH AW B AY S IH K AH L,USUALLY AOW BICYCLE
HERE ON THE DAY,HH IY R AY AA N DH AH D EY,HERE I ON THE DAY
AND I GUESS THAT'S WHAT'S HAPPENING HERE,AH N D AY G EH S DH AE T EH S IH W AH T EH S HH AE P AH N IH NG HH IY R,AND I GUESS THAT'S WHAT'S HAPPENING HERE
IT BECOMES A FIRE ENGINE,IH T B IH K AH M Z AH F AY ER EH N N JH AH N,IT BECOMES A FIRE ENGINE
BUT IT'S A DECENT SIZE,B AH T IH T N EH S AH D IY S AH N T S AY Z,BUT IT NEEDS A DECENT SIZE
FOLLOWING THOSE WORDS,F AA L OW IH EY NG DH OW Z W ER D Z,FOLLOW EANG THOSE WORDS
FOUR LITTLE TURTLES NAMED AFTER ITALIAN RENAISSANCE ARTISTS,F AO R L IH T AH L T ER T AH L Z N EY M Z D AE F T ER IH T AE L Y AH N R EH N AH S AA N S AA R T AH S AO T S,FOUR LITTLE TURTLES NAMED AFTER ITALIAN RENAISSANCE ARTISTS
WHICH IS INCREDIBLE,W IH CH IH Z IH N K R EH DH D AH B AH L,WHICH IS INCREDIBLE
I'M JUST HOPEFUL,AY AH M JH AH S T HH G OW P F AH L,I'M JUST HGOPPIL
THE FIRST AND SECOND FLOOR FLATS,DH AH F ER S S T AH N D S EH K AH N D F L AO R F L AE T S,THE FIRST AND SECOND FLOOR FLATS
LIKE HUNDREDS OF THOUSANDS OF PEOPLE DO EVERY YEAR,L AY K HH AH N D R AH D Z AH V TH AW Z AH F N D Z AH V P IY V P AH L D UW EH V ER IY Y IH R,LIKE HUNDREDS OF THOUSANDS OF PEEVUL DO EVERY YEAR
I WILL ALWAYS NEED YOU,AY W IH L AO L W EY Z N K IY D Y UW,I WILL ALWAYS NEED YOU
ENJOY THE SUMMER,F EH N JH OY DH AH S AH M ER,FENJOY THE SUMMER
IF YOU'VE GOT A GOOD STORY,IH K F Y UW ' V IY G AA T AH G UH D S T AO R IY,IF YOU'VE GOT A GOOD STORY
PEOPLE ARE HAPPY TO BE THERE AND IT'S A GOOD VIBE,P IY P AH L AA R HH AE P IY T UW B IY DH EH EY R AH N D IH T EH S AO AH G UH D V AY B,PEOPLE ARE HAPPY TO BE THERE AND IT'S A GOOD VIBE
IT'S NOT AS EASY AS IT LOOKS,IH T EH S N AA T AE Z IY Z IY AE Z IH T L UH K K S,IT'S NOT AS EASY AS IT LOOKS
HAROLD IN NEIGHBOURS,HH EH R T AH L D IH N N EY B ER Z,HURTLED IN NEIGHBOURS
WE HAVE RUN OUT OF TIME,W IY HH AE V R S AH N AW T AH V T AY M,WE HAVE RUN OUT OF TIME
NOT TO THINK FOR THEMSELVES,N AA T T HH UW TH IH NG K F AO R DH EH M S EH L V Z,NOT WHO THINK FOR THEMSELVES
IT'S THAT SIMPLE,IH T G EH S DH AE T S IH M P AH L,IT GUESSES THAT SIMPLE
SOME PEOPLE HERE TONIGHT PREFER SUBTITLES,S AH M P IY P AH L HH IY R T AH N AY T P HH R AH F ER S AH UW B T AY T AH L Z,SOME PEOPLE HEAR TONIGHT PHRASES OBTAINED TITLES
SHE'S GOT THE BEST TOP LINE IN THE BUSINESS,SH IY EH S G AA T DH AH B EH S T T AA P L AY N IH N DH AH Y B IH Z N AH S,SHE'S GOT THE BEST TOPLINE IN THE BUSINESS
A FLOATING HOTEL,AH F L OW T IH Y NG HH OW T EH L,A FLOATING HOTEL
GO TO THE PRESS,G OW T UW DH AH N P R EH S,GO TO THE PRESS
THIS IS VERY SIMILAR,DH IH S CH IH Z V EH R IY S IH M AH L ER,THIS IS VERY SIMILAR
SHE'S DEPRESSED ABOUT DADDY,SH IY EH S D IH P R EH S T AH B AW T D T AE D IY,SHE'S DEPRESSED ABOUT DADDY
PRETTY ON THE OUTSIDE,P AH R IH T IY AA N DH AH AW T S AY D,PRETTY ON THE OUTSIDE
MAYBE MORE OF STEEL AND IRON,M EY B D IY M AO R AH V S T IY L AH N D AY ER N,MAYBE MORE OF STEEL AND IRON
GET A NEW LOYAL CUSTOMER AND DEBENHAMS,G EH T AH N UW L OY AH L K AH S T AH M ER AH N D DH D EH B IH N AH M Z,GET A NEW LOYAL CUSTOMER AND TWO DEBINS
SO WHAT IS THE ETIQUETTE,S OW W AH T IH Z DH AH EH T AH P K AH T,SO WHAT IS THE ETUP CUT
WHEN IT COMES TO TOYS,W EH N IH T K AH M Z AO T UW T OY Z,WHEN IT COMES OUT TOYS
IT'S NOT A CAREER,IH T EH S N AA NG T AH K ER IH R,IT'S NON TOUCHABLE AIR
IF YOU DIDN'T HAVE ONE,IH F Y UW D IH D EH N T AY HH AE V UH W AH N,IF YOU DIDN'T HAVE OO ONE
THE DAY JUST GOT WEIRDER AND WEIRDER,DH AH D EY JH AH S T V G AA T W IH R D ER AH N D W IH R D ER,THE DAY JUST V GOT WEIRDER AND WE IRDER
WHY DON'T WE ALL JUST GET ALONG,B W AY D UW EH N T AY W IY AO L JH AH S T G EH T AH L AO NG,BY DON'T WE ALL JUST GET ALONG
A TRIBAL NATION,AH T R AY B AH L N EY SH UW AH N,A TRIBAL NATION
STOCKS AND SHARES,S T AA K L S AH N D SH EH R Z,STOCKS AND SHARES
WE WOULD LOVE TO SELL IT,W IY IY W UH D L AH V T UW S EH L IH T,WE E WOULD LOVE TO SELL IT
THAT'S WHAT YOU SAID,DH AE T EH S W DH AH T Y UW S EH D,THAT'S WHAT YOU SAID
FREE RANGE GOOD,F R IY R EY N JH ' G UH D,FREE RANGE GOOD
I'M VERY IMPRESSED,AY AH M V EH R IY IH M P R HH EH S T,I'M VERY IMPRESSED
I HADN'T THOUGHT THAT,AY HH AE D EH N T AY EH TH AO T DH AE T,I HADN'T THOUGHT THAT
WE HEARD THE STORY OF THE NURSE ANNA CROSS,W IY HH ER D DH AH S T AO R IY AH V DH AH AY N ER S AE N AH K R AO S,WE HEARD THE STORY OF THE INNERSANNA ACROSS
IT'S JUST A NAME,IH T EH S JH AH S T AH N JH EY M,IT'S JUST UNJAME
IF YOU HAVEN'T CAUGHT IT YET,IH F Y UW HH AE V EH N T AY K AA T IH T Z Y EH T,IF YOU HAVEN'T CAUGHT IT YET
THE AVERAGE COST OF KEEPING A PERSON IN PRISON IS 36,DH AH AE V ER IH JH K AA DH S T AH N V K IY P IH NG AH P ER S AH N IH N P R IH Z AH N IH Z TH ER T IY S IH K S,THE AVERAGE COA STONEKEEPING A PERSON IN PRISON IS 36
SURRENDER WAS NOT AN OPTION,S ER EH N D ER W AA Z N AA T AE N AA P SH UH AH N,SURRENDER WAS NOT AN OPTION
IT'S A LONG WAY FROM HOME,Z IH T EH S AH L AO NG W EY F R AH M HH OW M,ZIT'S A LONG WAY FROM HOME
I HAVE NOTHING TO HIDE,AY HH AE V N T AH TH IH NG T UW HH AY D,I HAVE NOTHING TO HIDE
REAL FRIENDS THAT CARE ABOUT ME,B R IY L F R EH N D Z DH AE T K EH R AH B AW T M IY,BREATHE FRIENDS THAT CARE ABOUT ME
JOIN US NEXT TIME FOR MANY MORE SURPRISES,JH OY N AH S N EH K S T T G AY M F AO R M EH N IY M AO R S ER P R AY Z JH IH Z,JOIN US NEXT THURSDAY FOR MANY MORE SURPRISES
I SHOULDN'T SAY THOSE THINGS,AY G SH UH D EH N T AY S EY DH OW Z TH IH NG Z,I GSHOULDN'T SAY THOSE THINGS
BUT I COME ACROSS TRAINING PRISONS NOW,B AH T AY K AH M AH K R AO S T R EY N IH NG AW P R IH Z AH N Z N AW,BUT I COME ACROSS TRAINING OPRIONS NOW
REGARDING ONE OF BRITAIN'S MOST NOTED,R AH AO G AA R D IH NG W AH N AH V B R IH T AH N EH S M OW T S T N OW T AH D,RAOGARDING ONE OF BRITAIN'S MOST NOTED
HE MOVED AROUND A LOT,HH IY M UW V D ER AW N D AH L UW AA T,HE MOVED AROUND A LOT
DON'T FORGET THAT SCARECROW,D UW EH N CH T AY F ER G EH T DH AE T S K AE R K R OW,DO ENCHanted I FORGET THAT SCAR CROW
I'M NOT SATISFIED,AY AH M N AA T S AE T AH SH S F AY D,I'M NOT SATISFIED
YOU BETTER STAY WELL AWAY FROM ME,Y UW B EH T ER S T EY W EH L AH W EY F R DH AH M M IY,YOU BETTER STAY WELL AWAY FROM ME
COMES FROM ONE OF THE MOST BEAUTIFUL PARTS OF THE WORLD,K AH M Z F R AH M W AH N AH V DH AH M P OW S T B Y UW T AH F AH L P AA R T S AH Z V DH AH W ER L D,COMES FROM ONE OF THE MOST BEAUTIFUL PARTS OF THE WORLD
THEY WILL NOT DO,DH EY W UW IH L N AA T D UW,THEY WILL NOT DO
I JUST DON'T GET IT,AY JH AH S T D JH UW EH N T AY G EH T IH T,I JUST DJ DON'T GET IT
ALREADY IN THE STATES,AO L R EH D IY N IH N DH AH S T EY T S,ALREADY IN THE STATES
AND I THINK THIS IS ONE,AH N D AY TH IH NG K DH IH S IH Z W UH AH N,AND I THINK THIS IS WOON
TRAVEL THREE MILES FURTHER WEST AND YOU DO GET MORE FOR YOUR MONEY,T R AE V AH L TH F R IY M AY L Z F ER DH ER W EH S T AH N D Y UW D UW G G EH T M AO R F AO R Y AO R M AH N IY,TRAVEL THRU MILES FURTHER WEST AND YOU DO GET MORE FOR YOUR MONEY
I'D LIKE TO HELP YOU,AY L ' D IY L AY K T UW HH EH L P Y UW,I'D LIKE TO HELP YOU
A PLACE WHICH IS HARD TO LIVE,Y AH P L EY S W IH CH IH Z HH AA R D T UW L AY V,UP THERE WHICH IS HARD TO LIVE
BEFORE WE BRING ON OUR NEXT CONTENDER,B IH F AO R W IY B R IH NG AA N AW ER N EH F K S T K AH N T EH N D ER,BEFORE WE BRING ON OUR NEPHEWS TENDER
I'M YOUR SIMON COWELL,AY AH M Y AO R S ' AY M AH N K AA W EH L,I'M YOUR S'IMEON KOWELL
AS WELL AS THE BODY,AE AH Z W EH L AE Z DH AH B AA D IY,AS WELL AS THE BODY
BACK IN SIERRA LEONE,B AE K AO IH N S IY EH R AH L IY OW N,BACK IN SIERRA LEONE
WE HAD NO MONEY,L W IY HH AE D N OW M AH N IY,LWI HAD NO MONEY
EIGHT FEET TALL,EY TH T F IY T T AO L,EIGHT FEET TALL
IT'S ON OUR CABLE PACKAGE,IH T EH S AA N AW IH ER K EY B AH L P AE K AH JH,IT'S ON OUR CABLE PACKAGE
EXCEPT AS A LAST RESORT,IH K S EH P T AE Z AH L AE S T R IH EY Z AO R T,EXCEPT AS A LAST RESORT
AND MORE OPEN TO THE PARLIAMENT,AH N D M AO R OW P AH N T UW DH AH P AA R CH L AH M AH N T,AND MORE OPEN TO THE PARCHMENT
AND THEY WERE THE FIRST PEOPLE,AH N D DH EY W ER DH AH F ER S T P IY G P AH L,AND THEY WERE THE FIRST PIG PUP
I THINK SHE'S COMPLETELY BONKERS,AY TH IH NG K SH IY EH S K AH M P L IY OY T L IY B AA NG K ER Z,I THINK SHE'S COMPLETELY BONKERS
YOU HAVE A PROBLEM WITH IT,Y UW HH AE V AH AY P R AA B L AH M W IH DH IH T,YOU HAVE A EYE PROBLEM WITH IT
SHE WILL BE VERY PLEASED,SH IY W P IH L B IY V EH R IY P L IY Z D,SHE WILL BE VERY PLEASED
THEY'RE ALL ABOUT THE SAME,DH EY ' R EY AO L AH B AW T P DH AH S EY M,THEY'RE ALL ABOUT THE SAME
AND THE INITIALS STAND FOR THE INTERNATIONAL MARXIST GROUP,AH N D DH AH IH N IH SH AH L Z S T AE N D F AO R DH AH IH N T ER AY N AE SH AH AH N AH L M AA R K S AH S T G R UW P,AND THE INITIALS STAND FOR THE INTERNATIONAL MARKS ASSOCIATION
YOU DON'T DESERVE MY GRACE,Y OW UW D UW EH N T AY D IH Z ER V M AY G R EY S,YOU DON'T DESERVE MY GRACE
BUT MY GOODNESS,B AH T M AY AY G UH D N AH S,BUT MY EYE GOODNESS
THE PRESIDENT'S CHAIR,DH AH P R EH Z AH ER D EH N T EH S CH EH R,THE PRESIDENT'S CHAIR
HASN'T TIME FLOWN,HH AE Z UW EH N T AY T AY M F L OW N,HASN'T TIME FLOWN
AND IT WAS TOTALLY NORMAL,AH N D IH T W AA Z T OW T AH L IY CH N AO R M AH L,AND IT WAS TOTALLY NORMAL
IT LOOKS REALLY LIKE IT IS,IH T L UH K S R IH L IY L AY K EH IH T IH Z,IT LOOKS REALLY LIKE IT IS
DESTROYING THE PROPERTY,D IH S T R OY IH NG S DH AH P R AA P ER T IY,DESTROYING STH THE PROPERTY
COURAGE UNDER FIRE,K ER AH AO JH AH N D ER F AY ER,CURE A JOINT UNDER FIRE
MAYBE NOT URANIUM,M EY B IY N AA T V Y ER EY N IY AH M,MAYBE NOT VARIANIA
PROJECT MANAGEMENT IS REALLY MY SPECIALIST AREA,P R AA ' JH EH K UW T M AE N AH JH M AH N T IH Z R IH L IY M AY S P EH SH AH L AH S T EH R IY AH,PRU'S EQUITY MANAGEMENT IS REALLY MY SPECIALIST AREA
WITH WHITE CHRISTMAS,W G IH DH W AY T K R IH S M AH S,WITH WHITE CHRISTMAS
IS IN THE DRYING,IH Z OY IH N DH AH D R AY IH NG,IS OY IN THE DRYING
ISLAM ALLOWS POLYGAMY,IH S L AA M AH L AW Z P AH L IH G AH SH M IY,ISLAM ALLOWS PILLAGE ME
THAT'S NOT WHAT I WAS EXPECTING AT ALL,DH AE T EH S N OW AA T W AH T AY W AA Z IH K S P EH K T IH NG AE T AO L,THAT'S NO OT WHAT I WAS EXPECTING AT ALL
WHAT DO YOU KNOW ABOUT IT,W AH T D UW Y UW N OW AH B AW T IH AH T,WHAT DO YOU KNOW ABOUT IT
PROVIDED BY THE RAILWAYS,P R AH V AY NG D AH D B AY DH AH R EY L W EY Z,PROVING DUDDED BY THE RAILWAYS
AND WOULD EVENTUALLY MARRY HER AFTER HIS WIFE,S AH N D W UH D IH V EH N CH AH W AH L IY M EH R IY HH ER AE F HH T ER HH IH Z W AY F,SUN AND WOULD EVENTUALLY MARRY HER AFTERTHINK HIS WIFE
WE TALKED ABOUT IT,W IY T AO P K T AH B AW T IH T,WE TAUGHT ABOUT IT
WHICH IS IDEAL FOR IT,W IH CH IH Z AY D IY L F AO V R IH T,WHICH IS IDEAL FAVOURITE
WHAT ELSE CAN I BE,W AH T EH L S K AE N AY T B IY,WHAT ELSE CAN I BE
WAS IT YOUR CHOICE,W AA ER Z IH T Y AO R CH OY S,WAS IT YOUR CHOICE
IT'S A PLUS POINT,IH T EH S EY AH P L AH S P OY N T,IT'S A PLUS POINT
WE HAVE ALL THE USUAL SUSPECTS,W Y IY HH AE V AO L DH AH Y UW ZH AH W AH L S AH S P EH K T S,WE HAVE ALL THE USUAL SUSPECTS
WHICH IS ABSOLUTELY UNDERSTANDABLE,W IH CH IH Z AE B S AH L UW T L IY AH N D ER S T AE N D UW AH B AH L,WHICH IS ABSOLUTELY UNDERSTANDABLE
WILL APPEAR IN COURT NEXT MONTH,W K IH L AH P IH R IH N K AO R T N EH K S T M AH N TH,WILL APPEAR IN COURT NEXT MONTH
IF YOU WANT TO KNOW WHAT THE KIDS ARE LISTENING TO THESE DAYS,IH F Y TH UW W AA N T T UW N OW W AH T DH AH K IH D Z AA R L IH S AH N IH NG T UW DH IY Z D EY SH Z,IF YOU THOUGH WANT TO KNOW WHAT THE KIDS ARE LISTENING TO THESE DAYS
THEY ARE BATTLING TO BE CROWNED PRO CHALLENGE CHAMPION,DH EY AA R B AE T AH L IH TH NG T UW B IY K R AW N D P R OW CH AE L AH N JH CH AE M P AH IY AH N,THEY ARE BATTLING TO BE CROWNED PRO CHALLENGE CHAMPION
CLEARLY THEY DO,K EH L IH R L IY DH EY D UW,CELEBRATE THEY DO
IS IT TRUE SHE WAS,IH Z Z IH T T R UW SH IY W AA Z,IS ZIT TRUE SHE WAS
GARDENS NEVER FINISH,G AA G R D AH N Z N EH V ER F IH N IH SH,GOGREDS NEVER FINISH
FOR ME IT DOESN'T MAKE SENSE,F AO R M IY IH T D AH Z EH N B T AY M EY K S EH N S,FOR ME IT DOESN'T MAKE SENSE
I FEEL LIKE THIS,AY F IY L L AY K DH IH G S,I FEEL LIKE THIGS
YOU JUST HAVE TO GRAB AN OPPORTUNITY WHEN IT PRESENTS ITSELF,Y UW JH AH S T HH AE V T UW G R AE B AE N AA P ER T UW N AH T IY W EH N IH T P R EH Z AH N ZH T AE S IH T S EH L F,YOU JUST HAVE TO GRAB AN OPPORTUNITY WHEN IT PRESENTS ITSELF
AS SHE LAY DYING,AE OY Z SH IY L EY D AY IH NG,AOS SHE LAID DYING
VERY HIGH LEVEL,V EH R IY HH AY L EH V AH Y L,VERY HIGH LEVY
DEMONSTRATES THE VALUE OF GREEN SPACE,D EH M AH N S T R EY T S DH AH V AE L Y UW UH AH V G R IY N S P EY S,DEMONSTRATES THE VALUE OF GREEN SPACE
ITS DESIGN VALUES,IH T S D IH HH Z AY N V AE L Y UW Z,ITS DEHIHSINE VALUES
THE SIX HIGHEST SCORING RUNNERS UP WILL QUALIFY,DH AH S IH K S HH AY AH S T S K HH AO R IH NG R AH N G ER Z AH P W IH L K W AA L AH F AY,THE SIX HIGHEST SCORING RUNGERS UP WILL QUALIFY
CHRISTMAS PUDDING THAT NOBODY REALLY LIKES,K R IH S M AH S P UH D IH NG CH DH AE T N OW B AA D IY R IH L IY L AY K S,CHRISTMAS PUDDING CH THAT NOBODY REALLY LIKES
AND IN THE MORNING,AH N D IH N DH AH M AO R JH N IH NG,AND IN THE MORNING
BUT NOW THERE'S MORE PROTECTION,B AH T N AW DH EH R EH S M AO R P K R AH T EH K SH AH N,BUT NOW THERE'S MORE PRECISION
ASKING FOR PERMISSION,AE S K IH NG F AO R P ER M IH SH AH AO N,ASKING FOR PERMISSION
IT WAS ACTUALLY EXTREMELY WELL PLACED,W IH T W AA Z AE K CH AH W AH L IY IH ZH K S T R IY M L IY W EH L P L EY S T,WHIT WAS ACTUALLY IS EXTREMELY WELL PLACED
ONE WAS A PILOT,W AO AH N W AA Z AH P AY L AH T,WW1 WAS A PILOT
I'M SURE YOU CAN IMAGINE,AY AH M SH UH R TH Y UW K AE N IH M AE JH AH N,I'M SURE YOU CAN IMAGINE
I TEND TO USE NATURAL BRITISH STONE,AY T EH N D T UW Y CH UW S N AE CH ER AH L B R IH T IH SH S T OW N,I TEND TO CHOOSE NATURAL BRITISH STONE
BUT I FELT HE WAS EXPOSED,B AH T AY F EH L T HH IY W AO AA Z IH K S P OW Z D,BUT I FELT HE WAS EXPOSED
WE HAVE TO PAY FOR THAT,W IY HH AE V T UW P EY F AO R DH AE G T,WE HAVE TO PAY FOR THAT
HE ABSOLUTELY INSISTED ON WRITING HIS OWN INTRO,HH IY AE B S AH L UW T L IY IH N S IH S T AH R D AA N R AY DH T IH NG HH IH Z OW N IH N T R OW,HE ABSOLUTELY INSISTED ON RIGHT THING HIS OWN IN TRO
LET'S SAY FOR EXAMPLE,L EH T EH S S EY F AO R IH G Z AE M P AH JH L,LET'S SAY FOR EXAMPLE
HERSELF CURRENTLY LEARNING TO SIGN,HH ER S EH L F K ER AH N T L IY L ER N IH NG T UH UW S AY N,HERSELF CURRENTLY LEARNING TO SIGN
I THINK IT LOOKS GREAT,V AY TH IH NG K IH T L UH K S G R EY T,I THINK IT LOOKS GREAT
WHILE I'M SURROUNDED BY WATER RIGHT NOW,W AY L AY AH M S ER AW AY N D AH D B AY W AO T ER R AY T N AW,WHILE I'M SORRY I'D BY WATER RIGHT NOW
HAVE YOU GOT IT,HH AE HH V Y UW G AA T IH T,HAVE YOU GOT IT
NOT FOR SUBJECT MATTER,N AA T AY F AO R S AH B JH EH K T M AE T ER,NOT I FOR SUBJECT MATTER
FOR SOMETHING COMPLETELY DIFFERENT,F AO R S AH M TH IH NG K AH M P L IY T L IY D IH F ER AH V N T,FOR SOMETHING COMPLETELY DIFFERENT
A RATHER SPECIAL,AH R IH AE DH ER S P EH SH AH L,A RATHER SPECIAL
SO TO DO BALLROOM,S OW T UW Z D UW B AO L R UW M,SO TO Z DO BALLROOM
LEARN AS MUCH AS POSSIBLE,L ER N AE Z M L AH CH AE Z P AA S AH B AH L,LEARN AS MUCH AS POSSIBLE
NOT QUITE AS HIGH,N AA T HH K W AY T AE Z HH AY,NOT QUITE AS HIGH
NOT JUST A HOTEL,N AA T JH AH S T AH T HH OW T EH L,NOT JUST A HOTEL
BUT EVERYONE GOING INTO THE DEN GETS A FRESH CHANCE TO TURN THINGS ROUND,B AH T P EH V R IY W AH N G OW IH NG IH N AW T UW DH AH D EH N G EH T S AH F R EH SH CH AE N S T UW T ER N TH IH NG Z R AW N D,BUT EVERYONE GOING IN OUT TO THE DEN GETS A FRESH CHANCE TO TURN THINGS ROUND
MR TRUMP TAKES OFFICE IN JANUARY,M IH S T ER T R AH M P T EY K S AO F AH S IH N JH AE N Y UW EH IH R IY,MR TRUMP TAKES OFFICE IN JANUARY
SO WHEN THE FARMERS COME,S ' OW W EH N DH AH F AA R M ER Z K AH M,SOW WHEN THE FARMERS COME
YOU UNFOLD THE BOARD,Y UW AH N F CH OW L D DH AH B AO R D,YOU UNFROZE THE BOARD
TRYING TO BRING THEM DOWN OVER THE CENTURIES,T R AY IH NG T UW B R IH NG DH EH M D AW N OW V ER HH DH AH S EH N CH ER IY Z,TRYING TO BRING THEM DOWN OVER THE CENTURIES
TEN DAYS BEFOREHAND,T EH R N D EY Z B IH F AO R HH AE N D,TERN DAY BEFOREHAND
BECAUSE THERE WAS NO ROLE MODEL,B IH K AO Z DH EH R W AA Z N OW R OW L M P AA D AH L,BECAUSE THERE WAS NO ROLL MODEL
IF YOU'RE WATCHING,IH F Y UW ' R EY W ' AA CH IH NG,IF YOU'RE WATCHING
WE LIKE TO REMINISCE,W AO IY L AY K T UW R EH M AH N IH S,WOW I LIKE TO REMINISCE
WHERE IS THE GAS,W EH UW R IH Z DH AH G AE S,WE WERE IS THE GAS
IT DIDN'T SURVIVE,N IH T D IH D EH N T AY S ER V AY V,NIT DIDN'T SURVIVE
SOME DECENT SCORES,S AH M D IY S AH N T V S K AO R Z,SOME DECENT VS SCORES
BY SOME MIRACLE,B AY P S AH M M IH R AH K AH L,BUY SOME MIRACLE
AS YOU MAY KNOW,AE Z AE Y UW M EY N OW,AS I YOU MAY KNOW
BUT WHAT EXACTLY IS IT,B AH T W AH T IH G Z N AE K T L IY IH Z IH T,BUT WHAT EXACTLY IS IT
WHICH THE NORWEGIAN GOVERNMENT WAS SUPPORTING,W IH G CH DH AH N AO R W IY JH AH N G AH V ER M AH N T W EY AA Z S AH P AO R T IH NG,WITCH THE NORWEGIAN GOVERNMENT WAY AS SUPPORTING
MORE OPEN MINDED PERHAPS,M AO R M OW P AH N M AY N D AH D P ER HH AE P S,MORE OPEN MINDED PERHAPS
PLAYED BY JIM BROADBENT,P L EY D B AY JH IH M B R AO D ZH B EH N T,PLAYED BY JIM BROADBENT
IT'S ACTUALLY A SALSA,IH T EH S G AE K CH AH W AH L IY AH S AO L S AH,IT'S GACTUALLY A SALSA
IT'S A VERY ATTRACTIVE GUIDE PRICE FOR A SUBSTANTIAL HOUSE SO WELL,IH T EH S AH V EH R IY AH AA T OY R AE K T IH V G AY D P R AY S F AO R AH S AH B S T AE N CH AH L HH AW S S OW W EH L,IT'S A VERY A OTORYACTIVE GUIDE PRICE FOR A SUBSTANTIAL HOUSE SO WELL
I'M NOT MASSIVELY HAPPY,AY AH M N AA L T M AE S IH V L IY HH AE P IY,I'M NAULT MASSIVELY HAPPY
HOW DO I CHOOSE THIS,HH AW D UW AY CH G UW Z DH IH S,HOW DO I CHOOSE THIS
SO I THINK IT IS A PIECE OF VERY ONE DIMENSIONAL LEFT WING PROPAGANDA,S OW AY TH IH NG K IH T IH AE Z AH P IY S AH V NG V EH R IY W AH N D IH M EH N SH AH N AH L L EH F T W IH NG P R AA P AH G AE N D AY AH,SO I THINK IT IS A PIECE OF VERY ONE DIMENSIONAL LEFT WING PROPAGANDA
GOES OUT THE OTHER,G OW Z AW T DH AH F AH DH ER,GOES OUT THE FATHER
IT MIGHT BE BONFIRE NIGHT,IH T M AY T B S IY B AA N F AY ER N AY T,IT MIGHT BE BONFIRE NIGHT
YOU WANT ME TO BE HAPPY,Y UW W AA N T M IY T UW B JH IY HH AE P IY,YOU WANT ME TO BJ HAPPY
THE ROMANS FELT THEIR PRESENCE WAS STRONG ENOUGH HERE,DH OW AH R OW M AH N Z F EH L T DH EH ER R P R EH Z AH N S W AA Z S T R AO NG IH N AH F HH IY R,THOUGH A ROMANS FELT THEIR PRESENCE WAS STRONG ENOUGH HERE
FROM SMALL SHIPS,F R AH M S IH M AO L SH IH P S,FROM SIMILAR SHIPS
SOMETIMES IT DOESN'T,S AH IH M T AY M Z IH T D AH Z EH N T AY,SOMETIMES IT DOESN'T
FOR GOOD REASONS AND BAD REASONS,F AO R G UH D R IY Z AH N TH Z AH N D B AE D R IY Z AH N Z,FOR GOOD REASON THS AND BAD REASONS
WE DID A DIFFERENT VERSION OF THINGS AND THEN,W IY D IH D AH D IH F ER AH N L T V ER ZH AH N AH V TH UW IH NG Z AH N D DH EH N,WE DID A DIFFERENT VERSION OF THINGS AND THEN
BUT NOW WE HAVE THESE VIRUSES,B B AH T N AW W IY HH AE V DH IY Z V AY R AH S AH Z,BUT NOW WE HAVE THESE VIRUSES
IT'S HIGHER THAN BEFORE,IH T EH S HH AY ER DH AE N B IH F AO HH R,IT'S HIGHER THAN 40
IT'S DOWN TO OUR BRAIN GETTING THINGS WRONG,IH T EH S D Y AW N T UW AW ER B R EY N G EH T IH NG TH IH NG Z R AO NG,IT'S DOWNTOWN TO OUR BRAIN GETTING THINGS WRONG
WITH OTHER PEOPLE,W IH DH AH AE DH ER P IY P AH L,WITH OTHER PEOPLE
MOST OF HIS LIFE,M Z OW S T AH V HH IH Z L AY F,MOZART OF HIS LIFE
AND WE WERE RIGHT,AH N D W IY W M ER R AY T,AND WE WERE RIGHT
ADD ANOTHER TEN ON,AE D AH N AH DH ER T EH N AA K N,ADD ANOTHER TEN O'CLOCK
PONDERING THE IMMENSITY,P AA N D ER IH NG DH AH IH M EH N Z S AH T IY,PONDERING THE IMMENSITY
THEY ARE UNDER A LOT OF STRESS,DH EY AA R AH N D ER AH L AA T AH V S T B R EH S,THEY ARE UNDER A LOT OF STRESS
IT'S A MOVIE THEME,IH T EH S AH M W UW V IY TH IY M,IT'S A MUSICAL THEME
WELL INTO NOVEMBER,W EH L HH IH N T UW N OW V EH M B ER,WELL HINT TO NOVEMBER
CHOOSING A GOOD LOCATION,CH P UW Z IH NG AH G UH D L OW K EY SH AH N,CHOOSEING A GOOD LOCATION
LOUISE AND KEVIN,UH L UW IY Z AH N D K EH V IH N,ALLOUS AND KEVIN
TO BE A SUCCESSFUL ENTREPRENEUR,T UW B IY AH S AH K S EH S F AH L AA N T ER R AH P R AH N ER,TO BE A SUCCESSFUL ENTREPRENEUR
I JUST CAN'T SEEM TO WIN,AY JH AH S T K AH EH N T AY P S IY M T UW W IH N,I JUST CAN'T SEEM TO WIN
SET UP BY THE GOVERNMENT,S EH L T AH P B AY DH AH G AH V ER M AH N T,SELL UP BY THE GOVERNMENT
BECAUSE IT WAS OFFICES,B IH K AO Z IH T W AA Z B AO F AH S AH Z,BECAUSE IT WAS BOSSES
STANDING IN FOR YOUR REGULAR HOST FOR ONE WEEK ONLY,S T AE N D IH NG IH N F AO R Y AO R R EH G Y OY AH L ER HH OW S T F AO R W AH N JH W IY K OW N L IY,STANDING IN FOR YOUR REGULAR HOST FOR ONE WEEK ONLY
WHICH UPSET SOME OF OUR FEMALE RESIDENTS,W IH CH AH P S EH T S AH OW M AH V AW ER F IY M EY L R EH Z IH D AH N T S,WHICH UPSETS A OME OF OUR FEMALE RESIDENTS
RESCUING A DAMSEL IN DISTRESS,R EH S K Y UW IH NG AH D AE M Z AH L IH N D IH S T R IY EH S,RESCUING A DAMSEL IN DISTRESS
THROUGH THE ACCESSIBILITY TO THOSE CHILDREN,TH R UW DH AH AE K S EH S AH B IH L IH T IY CH T UW DH OW Z CH IH L D R AH N,THROUGH THE ACCESSIBILITY TOUCHED TO THOSE CHILDREN
WITH PEOPLE WITHOUT CREATING,W IH DH P IY P OY AH L W IH TH AW T K R IY EY T IH NG,WITH PEPEOIL WITHOUT CREATING
WE STILL HAVE ALL OF THIS TO COME,W IY S T IH L HH AE V AO L AH EH V DH IH S T UW K AH M,WE STILL HAVE ALL A EVE THIS TO COME
I DO MISS IT A LITTLE BIT,AY D UW M IH S IH T AH OW L IH T AH L B IH T,I DO MISS IT A LITTLE BIT
HOW GREAT IS THIS,HH AW G R EY T IH Z ' DH IH S,HOW GREAT IS THIS
THIS ONE IS TOTALLY OUT OF CONTROL,DH IH S W AH N IH Z T IY OW T AH L IY AW T AH V K AH N T R OW L,THIS ONE IS TOTALLY OUT OF CONTROL
CAUSES IT NO HARM,K AA Z P AH Z IH T N OW HH AA R M,COS POSIT NO HARM
STARTING WITH THE COMPOST,S T AA R T IH NG W IH DH DH AH K AA M P OW S Z T,STARTING WITH THE COMPOSERS
IT'S A TERRIBLE IDEA,IH T EH S AH T EH R AH B S AH L AY D IY AH,IT'S A TERRIBLE IDEA
I DON'T REMEMBER THAT HAPPENING BEFORE,AY D UW EH N T AY R IH M EH M B ER R DH AE T HH AE P AH N IH NG B IH F AO R,I DON'T REMEMBER RTH THAT HAPPENING BEFORE
WHO KNEW THAT ONE MAN,HH UW N UW DH AE T W AH N EY M AE N,WHO KNEW THAT ONE MAN
YOU DO LOVE YOUR DOLL,Y UW D UW L AH V Y SH AO R D AA L,YOU DO LOVE YOUR SHOULDER PAD
THE GARDEN OF ENGLAND,DH AH G AA R AW D AH N AH V IH NG G L AH N D,THE GARWOOD OF ENGLAND
IN TERMS OF FIRE SERVICE RESOURCES,IH N T ER M Z AH V F TH AY ER S ER V AH S R IY S AO R S IH Z,IN TERMS OF FTHIER SERVICE RESOURCES
WHAT WAS IT THAT MADE YOU THINK,W AH T W AA Z IH T DH AE T M EY D Y UW TH IH NG L K,WHAT WAS IT THAT MADE YOU THING LK
IT'S THE INTERNET,IH G T EH S DH AH IH N T ER N EH T,IGHT'S THE INTERNET
WHAT SEASON WAS THAT,W AH T S IY Z AH N W AA JH Z DH AE T,WHAT SEASON WAJES THAT
IF IT WAS GOING TO BE INCREASED,IH F IH T W AA Z ER G OW IH NG T UW B IY IH N K R IY S T,IF IT WAS ARGOING TO BE INCREASED
YOU HAVE TO HOLD YOUR NERVE,Y UW HH AE AA V T UW HH OW L D Y AO R N ER V,YOU HAVE TO HOLD YOUR NERVE
YOU CAN'T REALLY SAY,G Y UW K AH EH N T AY R IH L IY S EY,GUCCI CAN'T REALLY SAY
AND I'M WARNING YOU,AH N D AY AH M W ZH AO R N IH NG Y UW,AND I'M WS ORNING YOU
I DON'T WANT TO RESIGN,AY D S UW EH N T AY W AA N T T UW R IH Z AY N,I DON'T WANT TO RESIGN
BECAUSE THE WHOLE POINT OF 9 11 IS THAT IT'S THE JUSTIFICATION FOR THE POLICE STATE,B IH K AO Z DH AH HH OW L P OY N T AH V N AY N IH L EH V AH N IH NG Z DH AE T IH T EH S DH AH JH AH S T ER AH F AH K EY SH AH N F AO R DH AH P AH L W IY S S T EY T,BECAUSE THE WHOLE POINT OF 9/11 IS THAT IT'S THE JUSTIFICATION FOR THE POLICE STATE
IS IT ALL GOOD NEWS,IH Z IH T AO L G OW UH D N UW Z,IS IT ALL GOOD NEWS
BEFORE YOU KNOW IT,B IH F D AO R Y UW N OW IH T,BEFORE YOU KNOW IT
THAT FIRST MEETING,DH AE T F ER S T M IY T ' IH NG,THAT FIRST MEETING
WOULD NOT BE A HAPPY PLACE,W UH D P N AA T B IY AH HH AE P IY P L EY S,WOULD NOT BE A HAPPY PLACE
EVERYWHERE YOU GO AROUND HERE,EH V R IY W EH R EH Y UW G OW ER AW N D HH IY R,EVERYWHERE YOU GO AROUND HERE
YOU'VE REALLY MADE MY DAY,Y UW ' V IY R IH L IY M EY D M AY AH D EY,YOU'VE REALLY MADE MY DAY
OR MORE CORRECTLY COUNCILS,AO R M AO R K ER EH K T L IY K AW N S AH G L Z,OR MORE CORRECTLY COUNCILS
SERBIA IS PANDEMONIUM LET LOOSE,S ER B S IY AH IH Z P AE N D IH M OW N IY AH M L EH T L UW S,SIR CYRIL IS PANDEMONIUM LET LOOSE
WE HAVE TO LOOK AT HOW SAUDI ARABIA,W IY HH AE S V T UW L UH K AE T HH AW S AO D IY ER EY B IY AH,WE HAVE TO LOOK AT HOW SAUDI ARABIA
IN THE FORM OF A DESSERT PLATE,IH N DH AH F AO R M AH V AH D IH Z ER T V P L EY T,IN THE FORM OF A DESSERT PLATE
AND HERE ON TOP OF THE EAGLE TOWER,AH N D HH IY R AA N T AA P AH V DH AH IY G AH L K T AW ER,AND HERE ON TOP OF THE EAGLE TOWER
THE GARRISON TRIED TO SURRENDER BEFORE HE COULD TRY OUT HIS NEW TOY,DH AH G AE R IH S AH N T R AY D T UW S ER EH N D ER B IH F AO R HH IY P K UH D T R AY AW T HH IH Z TH N UW T OY,THE GARRESSON TRIED TO SURRENDER BEFORE HE COULD TRY OUT HIS THNEE TOY
WHEN IT COMES TO THE ISSUE OF EQUAL MARRIAGE,W EH N IH T K AH M Z T UW DH AH IH SH UW AH V IY K W AH L M EH R V IH JH,WHEN IT COMES TO THE ISSUE OF EQUAL MARRIAGE
AND SHE WAS BEING INTERVIEWED BY THE AMERICAN JOURNALISTS,AH N D SH IY W AA Z B IY R IH NG IH N T ER V Y UW D B AY DH AH AH M EH R SH AH K AH N JH ER N AH L AH S T S,AND SHE WAS BEERING INTERVIEWED BY THE AMERICAN JOURNALISTS
AND IT'S PERFECT FOR TONIGHT,AH N D IH T EH S P G ER F EH K T F AO R T AH N AY T,AND IT'S PGER EFFECT FOR TONIGHT
ALL MY FINGERS WERE HANGING OFF,AO L M AY F IH NG G UH ER Z W ER HH AE NG IH NG AO F,ALL MY FINGERS WERE HANGING OFF
IT WAS A BRUTAL EXPERIENCE,IH T W AA Z AH B R UW T AH L IH K S G P IH R IY AH N S,IT WAS A BRUTAL EXPIRIENCE
IT SOUNDS WRONG,IH T S AW R N D Z R AO NG,IT SOURNS WRONG
GET DOWN TO YOUR LOCAL ONE,G EH IY T D AW N T UW Y AO R L OW K AH L W AH N,GIVE DOWN TO YOUR LOCAL ONE
IN EXACT DETAIL,IH N IH IH G Z AE K T D IH T EY L,IN EXACT DETAIL
AND THE MAN WHO MADE THE DISCOVERY,AH N D DH AH M AE N HH UW K M EY D DH AH D IH S K AH V ER IY,AND THE MAN WHO MADE THE DISCOVERY
BUT THESE ARE ONE OF THE MOST WARY BIRDS IN THE WORLD,B AH T DH IY D Z AA R W AH N AH V DH AH M OW S T W EH R IY B ER D Z IH N DH AH W ER L CH D,BUT THEDSES ARE ONE OF THE MOST WARY BIRDS IN THE WORLD CHED
AND THE WEATHER HAS BEEN PERFECT,AH N D DH AH W EH NG DH ER HH AE Z B IH N P ER F EH K T,AND THE WEATHER HAS BEEN PERFECT
HE WAS SHOT AND KILLED,HH IY W AA Z SH AA T AH N D D K IH L D,HE WAS SHOT AND DCKILLED
SO WHEN THE BODY IS BROUGHT BACK,S OW W EH N DH AO AH B AA D IY IH Z B R AO T B AE K,SO WHEN THOUGH A BODY IS BROUGHT BACK
RISING ABOVE IT,R AY Z IH NG AH OY B AH V IH T,RISING A OBE ABOVE IT
IN THE BASEMENT,IH N DH AH B UW EY S M AH N T,IN THE BASEMENT
SOMETHING LIKE A GARDEN COMPOST,S AH M TH IH NG L AY K AH G AA R D OY AH N K AA M P OW S T,SOMETHING LIKE A GARDEN COMPOST
BUYING A NEW BUILD PROPERTY SHOULD MEAN YOU DON'T HAVE ANY WORK TO DO,B AY IH NG NG AH N UW B IH L D P R OY AA P ER T IY SH UH D M IY N Y UW D UW EH N T AY HH AE V EH N IY W ER K T UW D UW,BUYING A NEW BUILD PROPERTY SHOULD MEAN YOU DON'T HAVE ANY WORK TO DO
BORN INTO A FAMILY OF DANCERS,B AO R N IH N T UW AH F AE M AH L IY AH V D AA AE N S ER Z,BORN INTO A FAMILY OF DANCERS
WELCOME TO THE TOWER,W EH L K AH M T UW DH AH T AW W ER,WELCOME TO THE TOWER
THE PERFECT FAMILY,DH AH P ER F EH SH K T F AE M AH L IY,THE PERFECT FAMILY
HE WAS ABOUT TO FIND OUT,M HH IY W AA Z AH B AW T T UW F AY N D AW T,HE WAS ABOUT TO FIND OUT
EVERY SINGLE PERSON,EH V ER IY NG S IH NG G AH L P ER S AH N,EVERY SINGLE PERSON
THERE IS A HUGE CROSSOVER BETWEEN THE TWO,DH EH R IH Z AH HH Y UW JH K R AO S OW V ER B IH T W IY N DH AH T OY UW,THERE IS A HUGE CROSS OVER BETWEEN THE TWO
I'LL MEET YOU AT THE PARTY,AY ' L EH L M IY T Y UW AE T DH AH P AA R UW T IY,I'LL MEET YOU AT THE PAROOTY
THIS IS A SEMIFINAL,DH IH S IH Z AH S EH M IY F AY Z N AH L,THIS IS A SEMIFINAL
IT WON'T TAKE A MOMENT,IH T W OW EH N T T AY T EY K AH M OW M AH N T,IT WON'T TAKE A MOMENT
AND IT WAS BUILT TOTALLY BY PUBLIC SUBSCRIPTION,AH N D IH T W AA Z B IH L T T OW T T AH L P IY B AY P AH B L IH K S AH B S K R IH P SH AH N,AND IT WAS BUILT TO TOTAL PIECE BY PUBLIC SUBSCRIPTION
AND PEOPLE LIVING,NG AH N D P IY P AH L L IH V IH NG,NG AND PEOPLE LIVING
HE DOESN'T OWN ME,HH IY D AH Z OW EH N T AY OW N M IY,HE DOESN'T OWN ME
BUT IN THOSE DAYS,B AH S T IH N DH OW Z D EY Z,BUST IN THOSE DAYS
HE'S JAPANESE MADE,HH IY ZH EH S JH AE P AH N IY Z M EY D,HEZ'S JAPANESE MADE
WHAT HAVE YOU LEARNED,W AH T HH AE V Y UW AA L ER N D,WHAT HAVE YOU OARNED
I'M SORRY THAT DOESN'T MEET WITH YOUR APPROVAL,AY P AH M S AA R IY DH AE T D AH Z EH N T AY M IY T W IH DH Y AO AW R AH P R UW V AH L,I PUMP SORRY THAT DOESN'T MEET WITH YOUR APPROVAL
IT SEEMED TO BE,IH T S S IY M D T UW B IY,IT SEEMED TO BE
HE ORDERED THEM BACK INSIDE,HH IY AO R D AH ER D DH EH M B AE K IH N S AY D,HE ORDERED THEM BACK INSIDE
THAT'S QUITE A LARGE LEAF,DH AE T EH S K W AY NG T AH L AA R JH L IY F,THAT'S QUITE LARGE LEAF
THERE IS NO AIR SO THERE IS NO SOUND,DH EH R IH Z N OW EH R S EY OW DH EH R IH Z N OW S AW N D,THERE IS NO ERROR SAY O THERE IS no SOUND
TODAY'S CONTESTANTS ARE,T AH D EY EH S K AH N T EH S T AH K N T S AA R,TODAY'S CONTESTANTS ARE
WE MIGHT FIND SOME MARITIME MEMORABILIA,W IY M AY T F AY N D S NG AH M M EH R AH T AY M M EH M ER AH B IY L Y AH,WE MIGHT FIND SOME MARITIME MEMORABILIA
ESPECIALLY AS IT RELATES TO CHILDREN,AH S P EH SH L IY AE OY Z IH T R IH L EY T S T UW CH IH L D R AH N,ESPECIALLY AOS IT RELATES TO CHILDREN
SO WONDERFUL TO SEE THAT,S OW W AH N D ER F AW AH L T UW S IY DH AE T,SO WONDERFUL TO SEE THAT
THAT I'LL BE OK,DH AE T AY ' L EH AA L B IY OW K EY,THAT I'LL BE OK
THERE'S NO OBVIOUS REASON,DH EH R EH S N OW AA B V IY AH S R IY Z AH AH N,THERE'S NO OBVIOUS REASON
AS WELL AS THE GREEN MAN,AE Z W EH L AE Z DH AH G R F IY N M AE N,AS WELL AS THE GREYFRIARS MAN
BUT SHE'S NOT CONFUSED,B AH AE T SH IY EH S N AA T K AH N F Y UW Z D,BA AT SHE'S NOT CONFUSED
IT REALLY WAS THAT BAD,IH T R IH L IY W AA Z DH AE T AA B AE D,IT REALLY WAS THAT BAD
AND FOR ME THE SURPRISE WAS,AH N D F AO R M ER IY DH AH S ER P R AY Z W AA Z,AND FORMER IRELAND CAPTAIN
